order_id,true_cause,ledger_amount,settlement_net,bank_credit,refund_amount
ORD1000,clean,21730.88,21296.26,21296.26,0.0
ORD1001,clean,39730.26,38935.65,38935.65,0.0
ORD1002,clean,17363.66,17016.39,17016.39,0.0
ORD1003,clean,15489.7,15179.91,15179.91,0.0
ORD1004,rounding,30184.23,29580.55,29580.25,0.0
ORD1005,clean,28982.87,28403.21,28403.21,0.0
ORD1006,clean,38792.49,38016.64,38016.64,0.0
ORD1007,tds_deduction,5498.78,5387.7,5387.7,0.0
ORD1008,timing_lag,23733.46,23258.79,23258.79,0.0
ORD1009,refund_partial,33811.67,33135.44,19081.07,14054.37
ORD1010,clean,28081.27,27519.64,27519.64,0.0
ORD1011,clean,1417.49,1389.14,1389.14,0.0
ORD1012,fee_variance,26332.74,25674.42,25674.42,0.0
ORD1013,clean,43701.07,42827.05,42827.05,0.0
ORD1014,missing_settlement,4954.96,,,0.0
ORD1015,clean,8165.26,8001.95,8001.95,0.0
ORD1016,clean,39565.34,38774.03,38774.03,0.0
ORD1017,tds_deduction,25503.79,24988.61,24988.61,0.0
ORD1018,clean,9738.71,9543.94,9543.94,0.0
ORD1019,tds_deduction,37286.61,36533.42,36533.42,0.0
ORD1020,duplicate_entry,8041.93,7881.09,7881.09,0.0
ORD1021,clean,23781.28,23305.65,23305.65,0.0
ORD1022,refund_partial,22488.51,22038.74,12609.53,9429.21
ORD1023,timing_lag,12753.2,12498.14,12498.14,0.0
ORD1024,rounding,7886.3,7728.57,7728.07,0.0
ORD1025,clean,15736.34,15421.61,15421.61,0.0
ORD1026,clean,37783.61,37027.94,37027.94,0.0
ORD1027,clean,36338.27,35611.5,35611.5,0.0
ORD1028,clean,12639.66,12386.87,12386.87,0.0
ORD1029,clean,41386.91,40559.17,40559.17,0.0
ORD1030,refund_partial,43218.21,42353.85,21288.33,21065.52
ORD1031,timing_lag,32751.28,32096.25,32096.25,0.0
ORD1032,clean,34283.67,33598.0,33598.0,0.0
ORD1033,missing_settlement,39253.81,,,0.0
ORD1034,fee_variance,34906.28,34382.69,34382.69,0.0
ORD1035,refund_partial,8491.11,8321.29,5004.23,3317.06
ORD1036,clean,33015.79,32355.47,32355.47,0.0
ORD1037,clean,41298.18,40472.22,40472.22,0.0
ORD1038,missing_settlement,20251.28,,,0.0
ORD1039,clean,7908.04,7749.88,7749.88,0.0
ORD1040,rounding,14446.14,14157.22,14156.72,0.0
ORD1041,fee_variance,42712.25,41644.44,41644.44,0.0
ORD1042,refund_partial,25242.12,24737.28,14917.14,9820.14
ORD1043,refund_partial,3717.38,3643.03,2030.65,1612.38
ORD1044,tds_deduction,38172.85,37401.76,37401.76,0.0
ORD1045,clean,36718.07,35983.71,35983.71,0.0
ORD1046,clean,30510.05,29899.85,29899.85,0.0
ORD1047,clean,23296.12,22830.2,22830.2,0.0
ORD1048,duplicate_entry,18579.45,18207.86,18207.86,0.0
ORD1049,clean,29327.37,28740.82,28740.82,0.0
ORD1050,clean,692.19,678.35,678.35,0.0
ORD1051,clean,40575.38,39763.87,39763.87,0.0
ORD1052,clean,44519.48,43629.09,43629.09,0.0
ORD1053,clean,34506.89,33816.75,33816.75,0.0
ORD1054,clean,2084.22,2042.54,2042.54,0.0
ORD1055,timing_lag,7870.81,7713.39,7713.39,0.0
ORD1056,clean,21778.64,21343.07,21343.07,0.0
ORD1057,rounding,7614.6,7462.31,7461.81,0.0
ORD1058,clean,27706.65,27152.52,27152.52,0.0
ORD1059,clean,33347.77,32680.81,32680.81,0.0
ORD1060,clean,31049.3,30428.31,30428.31,0.0
ORD1061,clean,11202.47,10978.42,10978.42,0.0
ORD1062,rounding,23834.6,23357.91,23358.31,0.0
ORD1063,clean,34636.78,33944.04,33944.04,0.0
ORD1064,tds_deduction,4818.19,4720.87,4720.87,0.0
ORD1065,missing_settlement,3265.83,,,0.0
ORD1066,clean,13531.98,13261.34,13261.34,0.0
ORD1067,duplicate_entry,26187.81,25664.05,25664.05,0.0
ORD1068,fee_variance,16722.03,16220.37,16220.37,0.0
ORD1069,rounding,31498.44,30868.47,30868.17,0.0
ORD1070,fee_variance,2981.1,2936.38,2936.38,0.0
ORD1071,clean,27567.87,27016.51,27016.51,0.0
ORD1072,clean,42390.64,41542.83,41542.83,0.0
ORD1073,clean,7328.05,7181.49,7181.49,0.0
ORD1074,clean,8329.44,8162.85,8162.85,0.0
ORD1075,clean,11888.41,11650.64,11650.64,0.0
ORD1076,clean,5571.39,5459.96,5459.96,0.0
ORD1077,clean,38058.87,37297.69,37297.69,0.0
ORD1078,timing_lag,25346.53,24839.6,24839.6,0.0
ORD1079,rounding,15846.82,15529.88,15529.58,0.0
ORD1080,rounding,41899.3,41061.31,41061.71,0.0
ORD1081,duplicate_entry,5059.85,4958.65,4958.65,0.0
ORD1082,clean,20180.79,19777.17,19777.17,0.0
ORD1083,duplicate_entry,33594.86,32922.96,32922.96,0.0
ORD1084,clean,33327.98,32661.42,32661.42,0.0
ORD1085,clean,42412.27,41564.02,41564.02,0.0
ORD1086,clean,41861.92,41024.68,41024.68,0.0
ORD1087,fee_variance,31368.22,30427.17,30427.17,0.0
ORD1088,clean,9774.4,9578.91,9578.91,0.0
ORD1089,clean,22308.72,21862.55,21862.55,0.0
ORD1090,clean,25558.11,25046.95,25046.95,0.0
ORD1091,duplicate_entry,19339.81,18953.01,18953.01,0.0
ORD1092,clean,36070.73,35349.32,35349.32,0.0
ORD1093,clean,28987.34,28407.59,28407.59,0.0
ORD1094,clean,37450.83,36701.81,36701.81,0.0
ORD1095,clean,6500.21,6370.21,6370.21,0.0
ORD1096,missing_settlement,18984.02,,,0.0
ORD1097,missing_settlement,19129.38,,,0.0
ORD1098,tds_deduction,42712.67,41849.88,41849.88,0.0
ORD1099,clean,44407.81,43519.65,43519.65,0.0
ORD1100,clean,6002.01,5881.97,5881.97,0.0
ORD1101,clean,17906.49,17548.36,17548.36,0.0
ORD1102,fee_variance,38148.81,37004.35,37004.35,0.0
ORD1103,fee_variance,22754.65,22185.78,22185.78,0.0
ORD1104,clean,8969.46,8790.07,8790.07,0.0
ORD1105,missing_settlement,22860.88,,,0.0
ORD1106,tds_deduction,25232.45,24722.75,24722.75,0.0
ORD1107,clean,32758.86,32103.68,32103.68,0.0
ORD1108,duplicate_entry,19283.09,18897.43,18897.43,0.0
ORD1109,tds_deduction,4222.83,4137.53,4137.53,0.0
ORD1110,clean,11255.58,11030.47,11030.47,0.0
ORD1111,clean,33047.1,32386.16,32386.16,0.0
ORD1112,rounding,25196.23,24692.31,24691.81,0.0
ORD1113,clean,1618.82,1586.44,1586.44,0.0
ORD1114,clean,15397.62,15089.67,15089.67,0.0
ORD1115,refund_partial,43501.62,42631.59,30383.93,12247.66
ORD1116,clean,2414.24,2365.96,2365.96,0.0
ORD1117,timing_lag,9787.12,9591.38,9591.38,0.0
ORD1118,missing_settlement,27366.27,,,0.0
ORD1119,missing_settlement,1230.48,,,0.0
